transaction_id,account_id,currency,transaction_type,amount,transaction_ts
1,12,EUR,purchase,3993.6,2025-07-08 15:36:26
2,2,RUB,withdrawal,1377.65,2025-05-24 20:28:50
3,10,RUB,purchase,1983.35,2025-06-02 01:04:32
4,7,RUB,withdrawal,4226.97,2025-04-19 15:32:01
5,5,EUR,transfer,2666.06,2025-04-13 22:24:17
6,5,EUR,withdrawal,6693.79,2025-06-28 01:03:03
7,999,RUB,purchase,361.37,2025-04-06 19:52:52
8,3,USD,withdrawal,1745.86,2025-05-26 08:02:34
9,2,RUB,transfer,5556.82,2025-05-28 14:05:53
10,12,EUR,transfer,399.13,2025-05-23 11:31:49
11,4,EUR,purchase,8386.12,2025-05-06 10:57:11
12,3,USD,purchase,7660.45,2025-07-09 10:30:55
13,7,RUB,withdrawal,6992.98,2025-05-15 02:27:43
14,5,EUR,transfer,8520.11,2025-05-05 16:06:33
15,1,RUB,withdrawal,1524.74,2025-03-29 10:18:03
16,10,RUB,transfer,6260.57,2025-05-13 23:40:30
17,3,USD,withdrawal,1967.28,2025-04-02 10:52:54
18,11,USD,purchase,6741.54,2025-05-13 00:47:56
19,1,RUB,purchase,1571.71,2025-01-19 12:37:09
20,4,EUR,purchase,7793.02,2025-03-29 11:05:36
21,2,RUB,transfer,5355.93,2025-05-10 12:54:31
22,7,RUB,purchase,8510.32,2025-03-28 04:05:30
23,3,USD,withdrawal,3802.0,2025-06-17 13:31:08
24,7,RUB,transfer,-4312.86,2025-06-28 21:29:41
25,9,EUR,withdrawal,5045.1,2025-05-22 14:42:51
26,11,USD,transfer,7010.41,2025-08-23 12:24:26
27,7,RUB,transfer,1121.48,2025-05-09 09:47:01
28,10,RUB,transfer,-5617.17,2025-06-14 19:07:54
29,3,USD,purchase,4639.42,2025-04-13 19:34:43
30,9,EUR,transfer,7198.81,2025-05-26 20:53:17
31,2,RUB,withdrawal,6926.27,2025-05-03 08:58:43
32,2,RUB,withdrawal,5460.28,2025-06-14 23:07:22
33,3,USD,withdrawal,2141.8,2025-03-31 08:04:24
34,2,RUB,purchase,3604.53,2025-05-09 21:14:10
35,10,RUB,transfer,1147.97,2025-07-27 02:45:13
36,12,EUR,purchase,4154.47,2025-06-11 18:34:42
37,2,RUB,withdrawal,3733.27,2025-05-10 04:31:12
38,7,RUB,transfer,5359.95,2025-05-21 22:41:05
39,6,EUR,withdrawal,6252.79,2025-06-02 01:04:02
40,4,EUR,transfer,1303.88,2025-07-03 09:58:27
41,999,EUR,purchase,1356.28,2025-07-03 16:15:45
42,6,EUR,purchase,4886.55,2025-06-12 11:25:37
43,9,EUR,transfer,5985.45,2025-05-14 19:39:46
44,1,RUB,withdrawal,1604.34,2025-04-16 17:39:39
45,6,EUR,transfer,3285.27,2025-04-25 09:17:01
46,10,RUB,withdrawal,3624.15,2025-05-30 06:38:55
47,11,USD,transfer,6725.32,2025-05-13 23:09:51
48,10,RUB,transfer,2317.75,2025-06-30 10:19:04
49,1,RUB,purchase,4699.6,2025-02-09 15:44:05
50,5,EUR,withdrawal,9328.75,2025-03-27 09:48:07
51,10,RUB,transfer,9848.45,2025-05-09 02:46:13
52,5,EUR,transfer,8517.54,2025-05-27 20:39:12
53,1,RUB,transfer,8522.39,2025-02-01 15:27:00
54,12,EUR,transfer,4942.96,2025-07-18 10:16:46
55,11,USD,purchase,8420.16,2025-07-02 05:55:13
56,4,EUR,purchase,1359.53,2025-06-19 07:33:53
57,1,RUB,transfer,9897.43,2025-02-01 18:11:51
58,10,RUB,withdrawal,1809.15,2025-07-26 13:36:03
59,12,EUR,purchase,7303.56,2025-07-31 09:23:10
60,6,EUR,withdrawal,7310.43,2025-05-02 06:09:55
61,8,USD,purchase,-8441.77,2025-08-02 05:19:12
62,8,USD,purchase,2566.26,2025-05-01 00:13:29
63,10,RUB,purchase,-4342.32,2025-08-10 17:11:38
64,7,RUB,withdrawal,8693.48,2025-04-15 23:45:20
65,9,EUR,purchase,7805.62,2025-06-17 08:04:00
66,3,USD,withdrawal,8921.73,2025-03-25 05:09:26
67,5,EUR,transfer,9135.08,2025-04-18 14:05:58
68,1,RUB,withdrawal,1680.21,2025-02-25 22:09:32
69,8,USD,transfer,7720.08,2025-06-10 17:11:06
70,9,EUR,purchase,532.9,2025-07-16 19:00:53
71,7,RUB,transfer,4548.11,2025-03-30 10:01:22
72,3,USD,purchase,5646.12,2025-05-17 20:57:51
73,11,USD,purchase,2116.08,2025-06-18 00:09:24
74,9,EUR,withdrawal,8655.24,2025-05-21 23:50:35
75,999,EUR,transfer,6098.83,2025-09-03 16:44:08
76,1,RUB,transfer,3240.59,2025-01-20 16:54:19
77,3,USD,purchase,608.25,2025-05-31 03:45:32
78,3,USD,withdrawal,9665.28,2025-05-14 21:01:19
79,1,RUB,purchase,4629.27,2025-02-13 04:23:25
80,2,RUB,withdrawal,8281.46,2025-04-09 09:59:17
81,9,EUR,withdrawal,9415.91,2025-08-20 15:34:59
82,999,EUR,purchase,9516.03,2025-05-28 19:52:52
83,2,RUB,withdrawal,1650.75,2025-05-29 15:54:16
84,1,RUB,withdrawal,3531.32,2025-03-05 21:02:49
85,10,RUB,withdrawal,2674.58,2025-05-16 06:12:56
86,6,EUR,purchase,2011.72,2025-05-26 23:37:41
87,3,USD,transfer,8913.26,2025-06-05 10:19:49
88,999,USD,withdrawal,-697.26,2025-04-13 11:27:05
89,999,EUR,transfer,1150.41,2025-06-10 14:37:24
90,9,EUR,withdrawal,323.6,2025-04-22 23:27:19
91,999,EUR,purchase,1497.06,2025-05-30 19:26:41
92,8,USD,transfer,673.31,2025-06-24 15:40:12
93,7,RUB,purchase,6893.03,2025-06-09 23:13:43
94,6,EUR,withdrawal,6619.66,2025-04-27 07:08:35
95,6,EUR,withdrawal,7872.47,2025-03-21 18:58:28
96,12,EUR,purchase,9029.75,2025-06-16 05:05:35
97,2,RUB,purchase,1297.65,2025-04-12 12:48:26
98,5,EUR,transfer,1685.12,2025-06-25 23:17:56
99,8,USD,transfer,6889.21,2025-05-24 19:37:37
100,1,RUB,purchase,6061.95,2025-03-27 18:10:01
